King/reign period,Start year,End year,Reign length
William I,1066,1087,21
William II,1087,1100,13
Henry I,1100,1135,35
Stephen,1135,1154,19
Henry II,1154,1189,35
Richard I,1189,1199,10
John,1199,1216,17
Henry III,1216,1272,56
Edward I,1272,1307,35
Edward II,1307,1327,20
Edward III,1327,1377,50
Richard II,1377,1399,22
Henry IV,1399,1413,14
Henry V,1413,1422,9
Henry VI (first),1422,1461,39
Edward IV (first),1461,1470,9
Henry VI (restored),1470,1471,1
Edward IV (restored),1471,1483,12
Edward V,1483,1483,0
Richard III,1483,1485,2